{
  "project_info": {
    "project_number": "452695767870",
    "project_id": "universidad-martes-21",
    "storage_bucket": "universidad-martes-21.appspot.com"
  },
  "client": [
    {
      "client_info": {
        "mobilesdk_app_id": "1:452695767870:android:f3b28f66af4f73cede0a6f",
        "android_client_info": {
          "package_name": "com.example.universidad_martes"
        }
      },
      "oauth_client": [
        {
          "client_id": "452695767870-hofiook6h6v7ej4ks9img4fkumr7fi0d.apps.googleusercontent.com",
          "client_type": 3
        }
      ],
      "api_key": [
        {
          "current_key": "AIzaSyArcP_17ejfCswb5o0a9bN_PfMq-EdSCrw"
        }
      ],
      "services": {
        "appinvite_service": {
          "other_platform_oauth_client": [
            {
              "client_id": "452695767870-hofiook6h6v7ej4ks9img4fkumr7fi0d.apps.googleusercontent.com",
              "client_type": 3
            }
          ]
        }
      }
    }
  ],
  "configuration_version": "1"
}